ANO_NAC,NACIONALIDAD_MADRE,Nacimientos
2001,C,211562
2001,E,2208
2001,N,243
2002,C,208620
2002,E,2291
2002,N,245
2003,C,226348
2003,E,2745
2003,N,293
2004,C,225933
2004,E,2719
2004,N,311
2005,C,226046
2005,E,3092
2005,N,280
2006,C,225990
2006,E,3623
2006,N,323
2007,C,234289
2007,E,4322
2007,N,324
2008,C,239237
2008,E,5691
2008,N,407
2009,C,244195
2009,E,5997
2009,N,366
2010,C,238531
2010,E,6253
2010,N,353
2011,C,235566
2011,E,6964
2011,N,315
2012,C,230743
2012,E,7646
2012,N,319
2013,C,228071
2013,E,8886
2013,N,295
2014,C,250833
2014,E,164
2015,C,244330
2015,E,257
2016,C,216102
2016,E,12566
2016,N,123
2017,C,198769
2017,E,14335
2017,N,107
2018,C,189947
2018,E,31265
2018,N,161
2018,e,8
2019,C,175823
2019,E,25366
2019,N,130
2020,Chilena,162808
2020,Extranjera,32029
2020,Nacionalizada,141
2021,Chilena,146444
2021,Extranjera,30678
2021,Nacionalizada,151
2022,Chilena,153439
2022,Extranjera,35682
2022,Nacionalizada,182
2023,Chilena,141262
2023,Extranjera,32599
2023,Nacionalizada,196
