ANO_NAC,GLOSA_REGION_RESIDENCIA,Nacimientos
2001,De Aisén del Gral. C. Ibáñez del Campo,1595
2001,De Antofagasta,8709
2001,De Arica y Parinacota,3141
2001,De Atacama,4603
2001,De Coquimbo,10199
2001,De La Araucanía,13657
2001,De Los Lagos,12092
2001,De Los Ríos,5415
2001,De Magallanes y de La Antártica Chilena,2232
2001,De Tarapacá,4787
2001,De Valparaíso,23870
2001,De Ñuble,6410
2001,Del Bíobío,22562
2001,Del Libertador B. O'Higgins,12183
2001,Del Maule,13967
2001,Metropolitana de Santiago,100694
2002,De Aisén del Gral. C. Ibáñez del Campo,1579
2002,De Antofagasta,8842
2002,De Arica y Parinacota,3104
2002,De Atacama,4310
2002,De Coquimbo,9608
2002,De La Araucanía,13456
2002,De Los Lagos,12128
2002,De Los Ríos,5378
2002,De Magallanes y de La Antártica Chilena,2243
2002,De Tarapacá,4467
2002,De Valparaíso,23173
2002,De Ñuble,6251
2002,Del Bíobío,21739
2002,Del Libertador B. O'Higgins,11978
2002,Del Maule,13730
2002,Metropolitana de Santiago,96995
2003,De Aisén del Gral. C. Ibáñez del Campo,1578
2003,De Antofagasta,8663
2003,De Arica y Parinacota,3161
2003,De Atacama,4407
2003,De Coquimbo,9459
2003,De La Araucanía,13013
2003,De Los Lagos,11766
2003,De Los Ríos,5169
2003,De Magallanes y de La Antártica Chilena,2198
2003,De Tarapacá,4571
2003,De Valparaíso,22481
2003,De Ñuble,6151
2003,Del Bíobío,21889
2003,Del Libertador B. O'Higgins,11799
2003,Del Maule,13453
2003,Metropolitana de Santiago,94728
2004,De Aisén del Gral. C. Ibáñez del Campo,1593
2004,De Antofagasta,8600
2004,De Arica y Parinacota,3107
2004,De Atacama,4212
2004,De Coquimbo,9207
2004,De La Araucanía,13126
2004,De Los Lagos,11825
2004,De Los Ríos,5139
2004,De Magallanes y de La Antártica Chilena,2088
2004,De Tarapacá,4583
2004,De Valparaíso,21961
2004,De Ñuble,6051
2004,Del Bíobío,20811
2004,Del Libertador B. O'Higgins,11765
2004,Del Maule,13200
2004,Metropolitana de Santiago,93084
2005,De Aisén del Gral. C. Ibáñez del Campo,1586
2005,De Antofagasta,8551
2005,De Arica y Parinacota,3123
2005,De Atacama,4296
2005,De Coquimbo,9493
2005,De La Araucanía,12866
2005,De Los Lagos,12015
2005,De Los Ríos,5086
2005,De Magallanes y de La Antártica Chilena,2161
2005,De Tarapacá,4776
2005,De Valparaíso,22236
2005,De Ñuble,5960
2005,Del Bíobío,20806
2005,Del Libertador B. O'Higgins,11796
2005,Del Maule,13307
2005,Metropolitana de Santiago,92773
2006,De Aisén del Gral. C. Ibáñez del Campo,1563
2006,De Antofagasta,8975
2006,De Arica y Parinacota,3099
2006,De Atacama,4648
2006,De Coquimbo,9372
2006,De La Araucanía,13016
2006,De Los Lagos,11758
2006,De Los Ríos,5155
2006,De Magallanes y de La Antártica Chilena,2127
2006,De Tarapacá,4761
2006,De Valparaíso,21672
2006,De Ñuble,5943
2006,Del Bíobío,21085
2006,Del Libertador B. O'Higgins,11517
2006,Del Maule,13099
2006,Metropolitana de Santiago,93593
2007,De Aisén del Gral. C. Ibáñez del Campo,1679
2007,De Antofagasta,9419
2007,De Arica y Parinacota,3158
2007,De Atacama,4720
2007,De Coquimbo,9794
2007,De La Araucanía,13418
2007,De Los Lagos,12335
2007,De Los Ríos,5154
2007,De Magallanes y de La Antártica Chilena,2173
2007,De Tarapacá,5017
2007,De Valparaíso,22659
2007,De Ñuble,6124
2007,Del Bíobío,21558
2007,Del Libertador B. O'Higgins,12199
2007,Del Maule,13566
2007,Metropolitana de Santiago,97596
2008,De Aisén del Gral. C. Ibáñez del Campo,1733
2008,De Antofagasta,9706
2008,De Arica y Parinacota,3364
2008,De Atacama,4803
2008,De Coquimbo,10447
2008,De La Araucanía,13494
2008,De Los Lagos,12772
2008,De Los Ríos,5306
2008,De Magallanes y de La Antártica Chilena,2264
2008,De Tarapacá,5287
2008,De Valparaíso,23116
2008,De Ñuble,6178
2008,Del Bíobío,21601
2008,Del Libertador B. O'Higgins,12592
2008,Del Maule,14045
2008,Metropolitana de Santiago,99873
2009,De Aisén del Gral. C. Ibáñez del Campo,1687
2009,De Antofagasta,9988
2009,De Arica y Parinacota,3559
2009,De Atacama,5194
2009,De Coquimbo,10801
2009,De La Araucanía,13546
2009,De Los Lagos,13072
2009,De Los Ríos,5349
2009,De Magallanes y de La Antártica Chilena,2217
2009,De Tarapacá,5692
2009,De Valparaíso,23735
2009,De Ñuble,6147
2009,Del Bíobío,22166
2009,Del Libertador B. O'Higgins,12731
2009,Del Maule,14108
2009,Metropolitana de Santiago,102248
2010,De Aisén del Gral. C. Ibáñez del Campo,1636
2010,De Antofagasta,10016
2010,De Arica y Parinacota,3646
2010,De Atacama,5069
2010,De Coquimbo,11225
2010,De La Araucanía,13367
2010,De Los Lagos,12413
2010,De Los Ríos,5433
2010,De Magallanes y de La Antártica Chilena,2243
2010,De Tarapacá,5637
2010,De Valparaíso,23788
2010,De Ñuble,6004
2010,Del Bíobío,22293
2010,Del Libertador B. O'Higgins,12723
2010,Del Maule,14103
2010,Metropolitana de Santiago,101047
2011,De Aisén del Gral. C. Ibáñez del Campo,1545
2011,De Antofagasta,9932
2011,De Arica y Parinacota,3640
2011,De Atacama,5116
2011,De Coquimbo,11148
2011,De La Araucanía,13295
2011,De Los Lagos,11911
2011,De Los Ríos,5176
2011,De Magallanes y de La Antártica Chilena,2118
2011,De Tarapacá,5753
2011,De Valparaíso,23568
2011,De Ñuble,5926
2011,Del Bíobío,21986
2011,Del Libertador B. O'Higgins,12189
2011,Del Maule,13640
2011,Metropolitana de Santiago,100415
2012,De Aisén del Gral. C. Ibáñez del Campo,1540
2012,De Antofagasta,9817
2012,De Arica y Parinacota,3558
2012,De Atacama,4855
2012,De Coquimbo,11217
2012,De La Araucanía,13024
2012,De Los Lagos,11287
2012,De Los Ríos,5124
2012,De Magallanes y de La Antártica Chilena,2108
2012,De Tarapacá,5721
2012,De Valparaíso,23619
2012,De Ñuble,5732
2012,Del Bíobío,20997
2012,Del Libertador B. O'Higgins,12119
2012,Del Maule,13429
2012,Metropolitana de Santiago,99488
2013,De Aisén del Gral. C. Ibáñez del Campo,1440
2013,De Antofagasta,9841
2013,De Arica y Parinacota,3504
2013,De Atacama,4849
2013,De Coquimbo,11343
2013,De La Araucanía,12877
2013,De Los Lagos,11191
2013,De Los Ríos,4814
2013,De Magallanes y de La Antártica Chilena,2041
2013,De Tarapacá,5766
2013,De Valparaíso,23127
2013,De Ñuble,5590
2013,Del Bíobío,20714
2013,Del Libertador B. O'Higgins,12113
2013,Del Maule,13714
2013,Metropolitana de Santiago,99081
2014,De Aisén del Gral. C. Ibáñez del Campo,1535
2014,De Antofagasta,10191
2014,De Arica y Parinacota,3546
2014,De Atacama,5014
2014,De Coquimbo,11577
2014,De La Araucanía,13313
2014,De Los Lagos,11380
2014,De Los Ríos,5063
2014,De Magallanes y de La Antártica Chilena,2103
2014,De Tarapacá,5835
2014,De Valparaíso,24125
2014,De Ñuble,5899
2014,Del Bíobío,21600
2014,Del Libertador B. O'Higgins,12412
2014,Del Maule,14345
2014,Metropolitana de Santiago,103059
2015,De Aisén del Gral. C. Ibáñez del Campo,1413
2015,De Antofagasta,9885
2015,De Arica y Parinacota,3414
2015,De Atacama,4466
2015,De Coquimbo,11010
2015,De La Araucanía,13324
2015,De Los Lagos,11158
2015,De Los Ríos,4664
2015,De Magallanes y de La Antártica Chilena,2032
2015,De Tarapacá,5712
2015,De Valparaíso,23598
2015,De Ñuble,5766
2015,Del Bíobío,21023
2015,Del Libertador B. O'Higgins,12050
2015,Del Maule,14068
2015,Metropolitana de Santiago,101087
2016,De Aisén del Gral. C. Ibáñez del Campo,1408
2016,De Antofagasta,9214
2016,De Arica y Parinacota,3169
2016,De Atacama,4230
2016,De Coquimbo,10126
2016,De La Araucanía,12534
2016,De Los Lagos,10787
2016,De Los Ríos,4532
2016,De Magallanes y de La Antártica Chilena,1873
2016,De Tarapacá,5419
2016,De Valparaíso,22165
2016,De Ñuble,5451
2016,Del Bíobío,19583
2016,Del Libertador B. O'Higgins,11416
2016,Del Maule,13225
2016,Metropolitana de Santiago,96617
2017,De Aisén del Gral. C. Ibáñez del Campo,1215
2017,De Antofagasta,8396
2017,De Arica y Parinacota,3037
2017,De Atacama,3929
2017,De Coquimbo,9215
2017,De La Araucanía,12005
2017,De Los Lagos,10046
2017,De Los Ríos,4268
2017,De Magallanes y de La Antártica Chilena,1883
2017,De Tarapacá,5081
2017,De Valparaíso,20357
2017,De Ñuble,5333
2017,Del Bíobío,18175
2017,Del Libertador B. O'Higgins,10887
2017,Del Maule,12632
2017,Metropolitana de Santiago,92727
2018,De Aisén del Gral. C. Ibáñez del Campo,1258
2018,De Antofagasta,8049
2018,De Arica y Parinacota,2958
2018,De Atacama,3730
2018,De Coquimbo,9095
2018,De La Araucanía,11772
2018,De Los Lagos,9921
2018,De Los Ríos,4106
2018,De Magallanes y de La Antártica Chilena,1757
2018,De Tarapacá,4955
2018,De Valparaíso,21002
2018,De Ñuble,5324
2018,Del Bíobío,17652
2018,Del Libertador B. O'Higgins,11248
2018,Del Maule,13070
2018,Metropolitana de Santiago,95834
2019,De Aisén del Gral. C. Ibáñez del Campo,1120
2019,De Antofagasta,7770
2019,De Arica y Parinacota,2893
2019,De Atacama,3425
2019,De Coquimbo,8665
2019,De La Araucanía,11302
2019,De Los Lagos,9574
2019,De Los Ríos,4004
2019,De Magallanes y de La Antártica Chilena,1743
2019,De Tarapacá,4878
2019,De Valparaíso,19619
2019,De Ñuble,5065
2019,Del Bíobío,17106
2019,Del Libertador B. O'Higgins,10756
2019,Del Maule,12496
2019,Ignorada,1
2019,Metropolitana de Santiago,89771
2020,De Aisén del Gral. C. Ibáñez del Campo,1059
2020,De Antofagasta,7434
2020,De Arica y Parinacota,2886
2020,De Atacama,3247
2020,De Coquimbo,8127
2020,De La Araucanía,10441
2020,De Los Lagos,8958
2020,De Los Ríos,3898
2020,De Magallanes y de La Antártica Chilena,1638
2020,De Tarapacá,4709
2020,De Valparaíso,18427
2020,De Ñuble,4885
2020,Del Bíobío,16006
2020,Del Libertador B. O'Higgins,10245
2020,Del Maule,11667
2020,Metropolitana de Santiago,81351
2021,De Aisén del Gral. C. Ibáñez del Campo,982
2021,De Antofagasta,6748
2021,De Arica y Parinacota,2553
2021,De Atacama,2920
2021,De Coquimbo,7564
2021,De La Araucanía,9860
2021,De Los Lagos,8370
2021,De Los Ríos,3435
2021,De Magallanes y de La Antártica Chilena,1494
2021,De Tarapacá,4396
2021,De Valparaíso,16822
2021,De Ñuble,4481
2021,Del Bíobío,14639
2021,Del Libertador B. O'Higgins,9258
2021,Del Maule,10689
2021,Metropolitana de Santiago,73062
2022,De Aisén del Gral. C. Ibáñez del Campo,1023
2022,De Antofagasta,7484
2022,De Arica y Parinacota,2916
2022,De Atacama,3265
2022,De Coquimbo,8019
2022,De La Araucanía,10405
2022,De Los Lagos,8955
2022,De Los Ríos,3780
2022,De Magallanes y de La Antártica Chilena,1539
2022,De Tarapacá,5023
2022,De Valparaíso,17903
2022,De Ñuble,4838
2022,Del Bíobío,16115
2022,Del Libertador B. O'Higgins,10072
2022,Del Maule,11837
2022,Metropolitana de Santiago,76129
2023,De Aisén del Gral. C. Ibáñez del Campo,986
2023,De Antofagasta,6993
2023,De Arica y Parinacota,2752
2023,De Atacama,3123
2023,De Coquimbo,7486
2023,De La Araucanía,9629
2023,De Los Lagos,8209
2023,De Los Ríos,3623
2023,De Magallanes y de La Antártica Chilena,1440
2023,De Tarapacá,4673
2023,De Valparaíso,16885
2023,De Ñuble,4732
2023,Del Bíobío,14789
2023,Del Libertador B. O'Higgins,9088
2023,Del Maule,10783
2023,Metropolitana de Santiago,68866
