ANO_NAC,MES_NAC,Nacimientos
2001,1,21883
2001,2,19139
2001,3,20811
2001,4,19782
2001,5,20510
2001,6,20243
2001,7,20135
2001,8,20841
2001,9,20633
2001,10,21374
2001,11,20495
2001,12,20270
2002,1,21451
2002,2,18199
2002,3,19532
2002,4,18836
2002,5,19787
2002,6,19433
2002,7,20032
2002,8,20292
2002,9,20615
2002,10,21065
2002,11,19597
2002,12,20142
2003,1,21256
2003,2,18083
2003,3,20007
2003,4,19100
2003,5,19217
2003,6,18778
2003,7,19342
2003,8,19305
2003,9,20330
2003,10,20422
2003,11,18979
2003,12,19667
2004,1,20652
2004,2,18347
2004,3,19204
2004,4,18459
2004,5,18734
2004,6,18481
2004,7,18579
2004,8,19126
2004,9,20223
2004,10,19636
2004,11,19296
2004,12,19615
2005,1,19425
2005,2,17573
2005,3,19720
2005,4,18702
2005,5,19133
2005,6,19073
2005,7,19138
2005,8,19405
2005,9,20005
2005,10,19906
2005,11,18897
2005,12,19854
2006,1,20238
2006,2,17631
2006,3,19626
2006,4,18386
2006,5,19014
2006,6,18863
2006,7,19432
2006,8,19525
2006,9,19899
2006,10,20027
2006,11,19462
2006,12,19280
2007,1,20944
2007,2,18416
2007,3,20380
2007,4,18954
2007,5,19796
2007,6,19556
2007,7,19603
2007,8,20438
2007,9,20511
2007,10,21200
2007,11,20166
2007,12,20605
2008,1,21394
2008,2,18974
2008,3,20484
2008,4,20190
2008,5,20507
2008,6,20161
2008,7,20435
2008,8,20127
2008,9,21550
2008,10,21005
2008,11,20110
2008,12,21644
2009,1,22123
2009,2,19231
2009,3,22012
2009,4,21058
2009,5,20843
2009,6,21034
2009,7,21409
2009,8,20490
2009,9,21828
2009,10,21131
2009,11,20279
2009,12,20802
2010,1,21644
2010,2,19111
2010,3,21638
2010,4,20411
2010,5,20723
2010,6,20499
2010,7,20663
2010,8,21117
2010,9,21715
2010,10,21180
2010,11,20150
2010,12,21792
2011,1,21940
2011,2,19422
2011,3,22496
2011,4,20527
2011,5,20448
2011,6,20003
2011,7,19963
2011,8,20611
2011,9,21182
2011,10,20217
2011,11,20073
2011,12,20476
2012,1,21118
2012,2,19972
2012,3,21474
2012,4,20586
2012,5,20732
2012,6,20125
2012,7,20441
2012,8,20309
2012,9,19856
2012,10,20293
2012,11,19116
2012,12,19613
2013,1,21302
2013,2,18755
2013,3,20586
2013,4,20375
2013,5,20301
2013,6,19753
2013,7,20267
2013,8,19799
2013,9,20420
2013,10,20444
2013,11,19422
2013,12,20581
2014,1,22023
2014,2,19139
2014,3,21535
2014,4,20922
2014,5,20852
2014,6,20610
2014,7,21333
2014,8,20518
2014,9,21230
2014,10,21476
2014,11,20097
2014,12,21262
2015,1,22271
2015,2,19739
2015,3,21701
2015,4,20524
2015,5,20369
2015,6,20180
2015,7,20318
2015,8,19953
2015,9,20873
2015,10,19773
2015,11,18985
2015,12,19984
2016,1,20197
2016,2,19094
2016,3,21495
2016,4,19414
2016,5,19321
2016,6,19120
2016,7,19132
2016,8,19214
2016,9,19489
2016,10,18297
2016,11,18294
2016,12,18682
2017,1,19291
2017,2,17134
2017,3,19387
2017,4,17884
2017,5,18624
2017,6,18314
2017,7,18326
2017,8,18239
2017,9,18052
2017,10,17967
2017,11,17578
2017,12,18390
2018,1,18978
2018,2,17236
2018,3,19005
2018,4,18283
2018,5,19188
2018,6,18474
2018,7,18070
2018,8,18585
2018,9,18324
2018,10,19056
2018,11,17868
2018,12,18664
2019,1,19497
2019,2,17136
2019,3,18773
2019,4,17703
2019,5,18303
2019,6,17136
2019,7,17464
2019,8,16998
2019,9,17183
2019,10,16971
2019,11,16066
2019,12,16958
2020,1,18040
2020,2,15989
2020,3,17214
2020,4,16406
2020,5,16468
2020,6,16215
2020,7,16127
2020,8,15605
2020,9,16064
2020,10,15990
2020,11,15439
2020,12,15421
2021,1,14789
2021,2,13166
2021,3,14605
2021,4,14103
2021,5,14424
2021,6,14454
2021,7,15123
2021,8,15076
2021,9,15605
2021,10,15351
2021,11,15118
2021,12,15459
2022,1,15656
2022,2,14642
2022,3,17040
2022,4,16238
2022,5,16522
2022,6,15785
2022,7,15677
2022,8,15622
2022,9,15690
2022,10,15231
2022,11,15228
2022,12,15972
2023,1,16313
2023,2,14382
2023,3,15854
2023,4,14726
2023,5,15160
2023,6,14758
2023,7,14305
2023,8,14002
2023,9,13995
2023,10,13863
2023,11,13260
2023,12,13439
