ANO_NAC,GRUPO_ETARIO_MADRE,Nacimientos
2001,15 A 19 AÑOS,38722
2001,20 A 24 AÑOS,55893
2001,25 A 29 AÑOS,61736
2001,30 A 34 AÑOS,50652
2001,35 A 39 AÑOS,30147
2001,40 A 44 AÑOS,7420
2001,45 A 49 AÑOS,371
2001,50 O MAS AÑOS,13
2001,MENORES 15 AÑO,1162
2002,15 A 19 AÑOS,36500
2002,20 A 24 AÑOS,55414
2002,25 A 29 AÑOS,58775
2002,30 A 34 AÑOS,49575
2002,35 A 39 AÑOS,29450
2002,40 A 44 AÑOS,7821
2002,45 A 49 AÑOS,326
2002,50 O MAS AÑOS,2
2002,MENORES 15 AÑO,1118
2003,15 A 19 AÑOS,33838
2003,20 A 24 AÑOS,54536
2003,25 A 29 AÑOS,56443
2003,30 A 34 AÑOS,50557
2003,35 A 39 AÑOS,29662
2003,40 A 44 AÑOS,8087
2003,45 A 49 AÑOS,362
2003,50 O MAS AÑOS,7
2003,MENORES 15 AÑO,994
2004,15 A 19 AÑOS,33507
2004,20 A 24 AÑOS,53512
2004,25 A 29 AÑOS,54126
2004,30 A 34 AÑOS,50571
2004,35 A 39 AÑOS,29108
2004,40 A 44 AÑOS,8207
2004,45 A 49 AÑOS,333
2004,50 O MAS AÑOS,2
2004,MENORES 15 AÑO,905
2004,NO ESPECIFICADO,81
2005,15 A 19 AÑOS,35143
2005,20 A 24 AÑOS,54032
2005,25 A 29 AÑOS,53401
2005,30 A 34 AÑOS,49906
2005,35 A 39 AÑOS,28810
2005,40 A 44 AÑOS,8234
2005,45 A 49 AÑOS,364
2005,50 O MAS AÑOS,6
2005,MENORES 15 AÑO,935
2006,15 A 19 AÑOS,36819
2006,20 A 24 AÑOS,54312
2006,25 A 29 AÑOS,52388
2006,30 A 34 AÑOS,49334
2006,35 A 39 AÑOS,28767
2006,40 A 44 AÑOS,8372
2006,45 A 49 AÑOS,430
2006,50 O MAS AÑOS,7
2006,MENORES 15 AÑO,954
2007,15 A 19 AÑOS,38641
2007,20 A 24 AÑOS,56163
2007,25 A 29 AÑOS,56404
2007,30 A 34 AÑOS,50142
2007,35 A 39 AÑOS,29434
2007,40 A 44 AÑOS,8322
2007,45 A 49 AÑOS,394
2007,50 O MAS AÑOS,9
2007,MENORES 15 AÑO,954
2007,NO ESPECIFICADO,106
2008,15 A 19 AÑOS,39902
2008,20 A 24 AÑOS,57915
2008,25 A 29 AÑOS,58338
2008,30 A 34 AÑOS,50391
2008,35 A 39 AÑOS,30234
2008,40 A 44 AÑOS,8307
2008,45 A 49 AÑOS,436
2008,MENORES 15 AÑO,1025
2008,NO ESPECIFICADO,33
2009,15 A 19 AÑOS,39627
2009,20 A 24 AÑOS,60359
2009,25 A 29 AÑOS,60759
2009,30 A 34 AÑOS,49955
2009,35 A 39 AÑOS,31375
2009,40 A 44 AÑOS,8581
2009,45 A 49 AÑOS,437
2009,50 O MAS AÑOS,7
2009,MENORES 15 AÑO,1075
2009,NO ESPECIFICADO,65
2010,15 A 19 AÑOS,38047
2010,20 A 24 AÑOS,59884
2010,25 A 29 AÑOS,59623
2010,30 A 34 AÑOS,50841
2010,35 A 39 AÑOS,32300
2010,40 A 44 AÑOS,8478
2010,45 A 49 AÑOS,449
2010,50 O MAS AÑOS,4
2010,MENORES 15 AÑO,964
2010,NO ESPECIFICADO,53
2011,15 A 19 AÑOS,36102
2011,20 A 24 AÑOS,59421
2011,25 A 29 AÑOS,58826
2011,30 A 34 AÑOS,50725
2011,35 A 39 AÑOS,32113
2011,40 A 44 AÑOS,8711
2011,45 A 49 AÑOS,482
2011,50 O MAS AÑOS,6
2011,MENORES 15 AÑO,923
2011,NO ESPECIFICADO,49
2012,15 A 19 AÑOS,34305
2012,20 A 24 AÑOS,58146
2012,25 A 29 AÑOS,57491
2012,30 A 34 AÑOS,52386
2012,35 A 39 AÑOS,31475
2012,40 A 44 AÑOS,8449
2012,45 A 49 AÑOS,466
2012,50 O MAS AÑOS,8
2012,MENORES 15 AÑO,879
2012,NO ESPECIFICADO,30
2013,15 A 19 AÑOS,31506
2013,20 A 24 AÑOS,56898
2013,25 A 29 AÑOS,58140
2013,30 A 34 AÑOS,53625
2013,35 A 39 AÑOS,31614
2013,40 A 44 AÑOS,8814
2013,45 A 49 AÑOS,448
2013,50 O MAS AÑOS,12
2013,MENORES 15 AÑO,902
2013,NO ESPECIFICADO,46
2014,15 A 19 AÑOS,29454
2014,20 A 24 AÑOS,57612
2014,25 A 29 AÑOS,62810
2014,30 A 34 AÑOS,57520
2014,35 A 39 AÑOS,32888
2014,40 A 44 AÑOS,9302
2014,45 A 49 AÑOS,487
2014,50 O MAS AÑOS,15
2014,MENORES 15 AÑO,852
2014,NO ESPECIFICADO,57
2015,15 A 19 AÑOS,25435
2015,20 A 24 AÑOS,54245
2015,25 A 29 AÑOS,63201
2015,30 A 34 AÑOS,57363
2015,35 A 39 AÑOS,33592
2015,40 A 44 AÑOS,9543
2015,45 A 49 AÑOS,491
2015,50 O MAS AÑOS,13
2015,MENORES 15 AÑO,717
2015,NO ESPECIFICADO,70
2016,15 A 19 AÑOS,20521
2016,20 A 24 AÑOS,48888
2016,25 A 29 AÑOS,61734
2016,30 A 34 AÑOS,56325
2016,35 A 39 AÑOS,33565
2016,40 A 44 AÑOS,9497
2016,45 A 49 AÑOS,499
2016,50 O MAS AÑOS,14
2016,MENORES 15 AÑO,649
2016,NO ESPECIFICADO,57
2017,15 A 19 AÑOS,16895
2017,20 A 24 AÑOS,45056
2017,25 A 29 AÑOS,59449
2017,30 A 34 AÑOS,53928
2017,35 A 39 AÑOS,33522
2017,40 A 44 AÑOS,9095
2017,45 A 49 AÑOS,537
2017,50 O MAS AÑOS,19
2017,MENORES 15 AÑO,472
2017,NO ESPECIFICADO,213
2018,15 A 19 AÑOS,14252
2018,20 A 24 AÑOS,44659
2018,25 A 29 AÑOS,61397
2018,30 A 34 AÑOS,56396
2018,35 A 39 AÑOS,34942
2018,40 A 44 AÑOS,8940
2018,45 A 49 AÑOS,520
2018,50 O MAS AÑOS,25
2018,MENORES 15 AÑO,389
2018,NO ESPECIFICADO,211
2019,15 A 19 AÑOS,11692
2019,20 A 24 AÑOS,40194
2019,25 A 29 AÑOS,58301
2019,30 A 34 AÑOS,56105
2019,35 A 39 AÑOS,34100
2019,40 A 44 AÑOS,8837
2019,45 A 49 AÑOS,520
2019,50 O MAS AÑOS,20
2019,MENORES 15 AÑO,285
2019,NO ESPECIFICADO,134
2020,15 A 19 AÑOS,9535
2020,20 A 24 AÑOS,35742
2020,25 A 29 AÑOS,53546
2020,30 A 34 AÑOS,54194
2020,35 A 39 AÑOS,32579
2020,40 A 44 AÑOS,8446
2020,45 A 49 AÑOS,522
2020,50 O MAS AÑOS,18
2020,MENORES 15 AÑOS,396
2021,15 A 19 AÑOS,7097
2021,20 A 24 AÑOS,30379
2021,25 A 29 AÑOS,47790
2021,30 A 34 AÑOS,52051
2021,35 A 39 AÑOS,30941
2021,40 A 44 AÑOS,8219
2021,45 A 49 AÑOS,439
2021,50 O MAS AÑOS,18
2021,MENORES 15 AÑOS,339
2022,15 A 19 AÑOS,7162
2022,20 A 24 AÑOS,31672
2022,25 A 29 AÑOS,50641
2022,30 A 34 AÑOS,56010
2022,35 A 39 AÑOS,33720
2022,40 A 44 AÑOS,9030
2022,45 A 49 AÑOS,560
2022,50 O MAS AÑOS,32
2022,MENORES 15 AÑOS,476
2023,15 A 19 AÑOS,6563
2023,20 A 24 AÑOS,28831
2023,25 A 29 AÑOS,45799
2023,30 A 34 AÑOS,51080
2023,35 A 39 AÑOS,31995
2023,40 A 44 AÑOS,8830
2023,45 A 49 AÑOS,610
2023,50 O MAS AÑOS,31
2023,MENORES 15 AÑOS,318
