ANO_NAC,NIVEL_MADRE,GRUPO_ETARIO_MADRE,Nacimientos
2001,1.0,15 A 19 AÑOS,612
2001,1.0,20 A 24 AÑOS,6491
2001,1.0,25 A 29 AÑOS,13818
2001,1.0,30 A 34 AÑOS,13141
2001,1.0,35 A 39 AÑOS,6465
2001,1.0,40 A 44 AÑOS,1232
2001,1.0,45 A 49 AÑOS,58
2001,1.0,50 O MAS AÑOS,2
2001,2.0,15 A 19 AÑOS,26051
2001,2.0,20 A 24 AÑOS,36727
2001,2.0,25 A 29 AÑOS,35441
2001,2.0,30 A 34 AÑOS,26517
2001,2.0,35 A 39 AÑOS,15300
2001,2.0,40 A 44 AÑOS,3719
2001,2.0,45 A 49 AÑOS,169
2001,2.0,50 O MAS AÑOS,2
2001,2.0,MENORES 15 AÑO,100
2001,3.0,25 A 29 AÑOS,1
2001,3.0,30 A 34 AÑOS,5
2001,3.0,35 A 39 AÑOS,11
2001,3.0,40 A 44 AÑOS,4
2001,3.0,45 A 49 AÑOS,1
2001,3.0,50 O MAS AÑOS,5
2001,4.0,15 A 19 AÑOS,11988
2001,4.0,20 A 24 AÑOS,12561
2001,4.0,25 A 29 AÑOS,12349
2001,4.0,30 A 34 AÑOS,10805
2001,4.0,35 A 39 AÑOS,8212
2001,4.0,40 A 44 AÑOS,2399
2001,4.0,45 A 49 AÑOS,138
2001,4.0,50 O MAS AÑOS,4
2001,4.0,MENORES 15 AÑO,1056
2001,5.0,15 A 19 AÑOS,65
2001,5.0,20 A 24 AÑOS,96
2001,5.0,25 A 29 AÑOS,113
2001,5.0,30 A 34 AÑOS,177
2001,5.0,35 A 39 AÑOS,154
2001,5.0,40 A 44 AÑOS,66
2001,5.0,45 A 49 AÑOS,5
2001,5.0,MENORES 15 AÑO,6
2001,9.0,15 A 19 AÑOS,6
2001,9.0,20 A 24 AÑOS,18
2001,9.0,25 A 29 AÑOS,14
2001,9.0,30 A 34 AÑOS,7
2001,9.0,35 A 39 AÑOS,5
2002,1.0,15 A 19 AÑOS,594
2002,1.0,20 A 24 AÑOS,6566
2002,1.0,25 A 29 AÑOS,14213
2002,1.0,30 A 34 AÑOS,13762
2002,1.0,35 A 39 AÑOS,6664
2002,1.0,40 A 44 AÑOS,1340
2002,1.0,45 A 49 AÑOS,59
2002,2.0,15 A 19 AÑOS,25159
2002,2.0,20 A 24 AÑOS,37080
2002,2.0,25 A 29 AÑOS,33474
2002,2.0,30 A 34 AÑOS,25584
2002,2.0,35 A 39 AÑOS,14948
2002,2.0,40 A 44 AÑOS,3953
2002,2.0,45 A 49 AÑOS,138
2002,2.0,50 O MAS AÑOS,1
2002,2.0,MENORES 15 AÑO,125
2002,3.0,25 A 29 AÑOS,1
2002,3.0,30 A 34 AÑOS,6
2002,3.0,35 A 39 AÑOS,4
2002,3.0,40 A 44 AÑOS,1
2002,4.0,15 A 19 AÑOS,10678
2002,4.0,20 A 24 AÑOS,11643
2002,4.0,25 A 29 AÑOS,10951
2002,4.0,30 A 34 AÑOS,10056
2002,4.0,35 A 39 AÑOS,7661
2002,4.0,40 A 44 AÑOS,2451
2002,4.0,45 A 49 AÑOS,116
2002,4.0,50 O MAS AÑOS,1
2002,4.0,MENORES 15 AÑO,993
2002,5.0,15 A 19 AÑOS,54
2002,5.0,20 A 24 AÑOS,107
2002,5.0,25 A 29 AÑOS,114
2002,5.0,30 A 34 AÑOS,157
2002,5.0,35 A 39 AÑOS,165
2002,5.0,40 A 44 AÑOS,71
2002,5.0,45 A 49 AÑOS,12
2002,9.0,15 A 19 AÑOS,15
2002,9.0,20 A 24 AÑOS,18
2002,9.0,25 A 29 AÑOS,22
2002,9.0,30 A 34 AÑOS,10
2002,9.0,35 A 39 AÑOS,8
2002,9.0,40 A 44 AÑOS,5
2002,9.0,45 A 49 AÑOS,1
2003,1.0,15 A 19 AÑOS,616
2003,1.0,20 A 24 AÑOS,7053
2003,1.0,25 A 29 AÑOS,14458
2003,1.0,30 A 34 AÑOS,15418
2003,1.0,35 A 39 AÑOS,7110
2003,1.0,40 A 44 AÑOS,1548
2003,1.0,45 A 49 AÑOS,59
2003,1.0,50 O MAS AÑOS,2
2003,2.0,15 A 19 AÑOS,23872
2003,2.0,20 A 24 AÑOS,36752
2003,2.0,25 A 29 AÑOS,31775
2003,2.0,30 A 34 AÑOS,25469
2003,2.0,35 A 39 AÑOS,15033
2003,2.0,40 A 44 AÑOS,3938
2003,2.0,45 A 49 AÑOS,177
2003,2.0,50 O MAS AÑOS,1
2003,2.0,MENORES 15 AÑO,116
2003,3.0,20 A 24 AÑOS,1
2003,3.0,25 A 29 AÑOS,8
2003,3.0,30 A 34 AÑOS,19
2003,3.0,35 A 39 AÑOS,17
2003,3.0,40 A 44 AÑOS,4
2003,3.0,50 O MAS AÑOS,1
2003,4.0,15 A 19 AÑOS,9285
2003,4.0,20 A 24 AÑOS,10588
2003,4.0,25 A 29 AÑOS,10078
2003,4.0,30 A 34 AÑOS,9485
2003,4.0,35 A 39 AÑOS,7286
2003,4.0,40 A 44 AÑOS,2508
2003,4.0,45 A 49 AÑOS,113
2003,4.0,50 O MAS AÑOS,2
2003,4.0,MENORES 15 AÑO,875
2003,5.0,15 A 19 AÑOS,45
2003,5.0,20 A 24 AÑOS,103
2003,5.0,25 A 29 AÑOS,93
2003,5.0,30 A 34 AÑOS,124
2003,5.0,35 A 39 AÑOS,170
2003,5.0,40 A 44 AÑOS,62
2003,5.0,45 A 49 AÑOS,8
2003,5.0,MENORES 15 AÑO,1
2003,9.0,15 A 19 AÑOS,20
2003,9.0,20 A 24 AÑOS,39
2003,9.0,25 A 29 AÑOS,31
2003,9.0,30 A 34 AÑOS,42
2003,9.0,35 A 39 AÑOS,46
2003,9.0,40 A 44 AÑOS,27
2003,9.0,45 A 49 AÑOS,5
2003,9.0,50 O MAS AÑOS,1
2003,9.0,MENORES 15 AÑO,2
2004,1.0,15 A 19 AÑOS,735
2004,1.0,20 A 24 AÑOS,7567
2004,1.0,25 A 29 AÑOS,14344
2004,1.0,30 A 34 AÑOS,16521
2004,1.0,35 A 39 AÑOS,7661
2004,1.0,40 A 44 AÑOS,1665
2004,1.0,45 A 49 AÑOS,48
2004,1.0,MENORES 15 AÑO,3
2004,1.0,NO ESPECIFICADO,14
2004,2.0,15 A 19 AÑOS,23932
2004,2.0,20 A 24 AÑOS,36092
2004,2.0,25 A 29 AÑOS,30441
2004,2.0,30 A 34 AÑOS,24813
2004,2.0,35 A 39 AÑOS,14447
2004,2.0,40 A 44 AÑOS,4023
2004,2.0,45 A 49 AÑOS,155
2004,2.0,MENORES 15 AÑO,125
2004,2.0,NO ESPECIFICADO,3
2004,3.0,25 A 29 AÑOS,1
2004,4.0,15 A 19 AÑOS,8743
2004,4.0,20 A 24 AÑOS,9682
2004,4.0,25 A 29 AÑOS,9188
2004,4.0,30 A 34 AÑOS,9033
2004,4.0,35 A 39 AÑOS,6796
2004,4.0,40 A 44 AÑOS,2420
2004,4.0,45 A 49 AÑOS,123
2004,4.0,50 O MAS AÑOS,1
2004,4.0,MENORES 15 AÑO,775
2004,4.0,NO ESPECIFICADO,11
2004,5.0,15 A 19 AÑOS,35
2004,5.0,20 A 24 AÑOS,81
2004,5.0,25 A 29 AÑOS,75
2004,5.0,30 A 34 AÑOS,125
2004,5.0,35 A 39 AÑOS,140
2004,5.0,40 A 44 AÑOS,71
2004,5.0,45 A 49 AÑOS,3
2004,9.0,15 A 19 AÑOS,62
2004,9.0,20 A 24 AÑOS,90
2004,9.0,25 A 29 AÑOS,77
2004,9.0,30 A 34 AÑOS,79
2004,9.0,35 A 39 AÑOS,64
2004,9.0,40 A 44 AÑOS,28
2004,9.0,45 A 49 AÑOS,4
2004,9.0,50 O MAS AÑOS,1
2004,9.0,MENORES 15 AÑO,2
2004,9.0,NO ESPECIFICADO,53
2005,1.0,15 A 19 AÑOS,894
2005,1.0,20 A 24 AÑOS,8303
2005,1.0,25 A 29 AÑOS,14488
2005,1.0,30 A 34 AÑOS,17283
2005,1.0,35 A 39 AÑOS,8020
2005,1.0,40 A 44 AÑOS,1785
2005,1.0,45 A 49 AÑOS,54
2005,1.0,50 O MAS AÑOS,3
2005,1.0,MENORES 15 AÑO,4
2005,2.0,15 A 19 AÑOS,25897
2005,2.0,20 A 24 AÑOS,36635
2005,2.0,25 A 29 AÑOS,29933
2005,2.0,30 A 34 AÑOS,23913
2005,2.0,35 A 39 AÑOS,14247
2005,2.0,40 A 44 AÑOS,3998
2005,2.0,45 A 49 AÑOS,179
2005,2.0,MENORES 15 AÑO,138
2005,4.0,15 A 19 AÑOS,8267
2005,4.0,20 A 24 AÑOS,8924
2005,4.0,25 A 29 AÑOS,8827
2005,4.0,30 A 34 AÑOS,8549
2005,4.0,35 A 39 AÑOS,6356
2005,4.0,40 A 44 AÑOS,2368
2005,4.0,45 A 49 AÑOS,123
2005,4.0,50 O MAS AÑOS,2
2005,4.0,MENORES 15 AÑO,787
2005,5.0,15 A 19 AÑOS,43
2005,5.0,20 A 24 AÑOS,69
2005,5.0,25 A 29 AÑOS,76
2005,5.0,30 A 34 AÑOS,83
2005,5.0,35 A 39 AÑOS,128
2005,5.0,40 A 44 AÑOS,59
2005,5.0,45 A 49 AÑOS,4
2005,5.0,MENORES 15 AÑO,5
2005,9.0,15 A 19 AÑOS,42
2005,9.0,20 A 24 AÑOS,101
2005,9.0,25 A 29 AÑOS,77
2005,9.0,30 A 34 AÑOS,78
2005,9.0,35 A 39 AÑOS,59
2005,9.0,40 A 44 AÑOS,24
2005,9.0,45 A 49 AÑOS,4
2005,9.0,50 O MAS AÑOS,1
2005,9.0,MENORES 15 AÑO,1
2006,1.0,15 A 19 AÑOS,914
2006,1.0,20 A 24 AÑOS,9239
2006,1.0,25 A 29 AÑOS,15045
2006,1.0,30 A 34 AÑOS,18241
2006,1.0,35 A 39 AÑOS,8704
2006,1.0,40 A 44 AÑOS,1857
2006,1.0,45 A 49 AÑOS,79
2006,1.0,50 O MAS AÑOS,2
2006,2.0,15 A 19 AÑOS,27803
2006,2.0,20 A 24 AÑOS,36816
2006,2.0,25 A 29 AÑOS,29409
2006,2.0,30 A 34 AÑOS,23154
2006,2.0,35 A 39 AÑOS,13904
2006,2.0,40 A 44 AÑOS,4126
2006,2.0,45 A 49 AÑOS,209
2006,2.0,50 O MAS AÑOS,3
2006,2.0,MENORES 15 AÑO,127
2006,4.0,15 A 19 AÑOS,8012
2006,4.0,20 A 24 AÑOS,8094
2006,4.0,25 A 29 AÑOS,7755
2006,4.0,30 A 34 AÑOS,7755
2006,4.0,35 A 39 AÑOS,5974
2006,4.0,40 A 44 AÑOS,2286
2006,4.0,45 A 49 AÑOS,126
2006,4.0,50 O MAS AÑOS,1
2006,4.0,MENORES 15 AÑO,822
2006,5.0,15 A 19 AÑOS,23
2006,5.0,20 A 24 AÑOS,67
2006,5.0,25 A 29 AÑOS,77
2006,5.0,30 A 34 AÑOS,78
2006,5.0,35 A 39 AÑOS,96
2006,5.0,40 A 44 AÑOS,48
2006,5.0,45 A 49 AÑOS,1
2006,5.0,MENORES 15 AÑO,1
2006,9.0,15 A 19 AÑOS,67
2006,9.0,20 A 24 AÑOS,96
2006,9.0,25 A 29 AÑOS,102
2006,9.0,30 A 34 AÑOS,106
2006,9.0,35 A 39 AÑOS,89
2006,9.0,40 A 44 AÑOS,55
2006,9.0,45 A 49 AÑOS,15
2006,9.0,50 O MAS AÑOS,1
2006,9.0,MENORES 15 AÑO,4
2007,1.0,15 A 19 AÑOS,1214
2007,1.0,20 A 24 AÑOS,9695
2007,1.0,25 A 29 AÑOS,16290
2007,1.0,30 A 34 AÑOS,19035
2007,1.0,35 A 39 AÑOS,9558
2007,1.0,40 A 44 AÑOS,1896
2007,1.0,45 A 49 AÑOS,72
2007,1.0,50 O MAS AÑOS,6
2007,1.0,MENORES 15 AÑO,2
2007,1.0,NO ESPECIFICADO,13
2007,2.0,15 A 19 AÑOS,29310
2007,2.0,20 A 24 AÑOS,38877
2007,2.0,25 A 29 AÑOS,32026
2007,2.0,30 A 34 AÑOS,23541
2007,2.0,35 A 39 AÑOS,13957
2007,2.0,40 A 44 AÑOS,4095
2007,2.0,45 A 49 AÑOS,178
2007,2.0,MENORES 15 AÑO,149
2007,2.0,NO ESPECIFICADO,19
2007,3.0,15 A 19 AÑOS,25
2007,3.0,20 A 24 AÑOS,35
2007,3.0,25 A 29 AÑOS,41
2007,3.0,30 A 34 AÑOS,41
2007,3.0,35 A 39 AÑOS,25
2007,3.0,40 A 44 AÑOS,6
2007,3.0,MENORES 15 AÑO,2
2007,3.0,NO ESPECIFICADO,2
2007,4.0,15 A 19 AÑOS,8013
2007,4.0,20 A 24 AÑOS,7380
2007,4.0,25 A 29 AÑOS,7870
2007,4.0,30 A 34 AÑOS,7374
2007,4.0,35 A 39 AÑOS,5690
2007,4.0,40 A 44 AÑOS,2222
2007,4.0,45 A 49 AÑOS,130
2007,4.0,50 O MAS AÑOS,2
2007,4.0,MENORES 15 AÑO,799
2007,4.0,NO ESPECIFICADO,6
2007,5.0,15 A 19 AÑOS,27
2007,5.0,20 A 24 AÑOS,52
2007,5.0,25 A 29 AÑOS,85
2007,5.0,30 A 34 AÑOS,60
2007,5.0,35 A 39 AÑOS,88
2007,5.0,40 A 44 AÑOS,51
2007,5.0,45 A 49 AÑOS,6
2007,5.0,MENORES 15 AÑO,1
2007,5.0,NO ESPECIFICADO,1
2007,9.0,15 A 19 AÑOS,45
2007,9.0,20 A 24 AÑOS,103
2007,9.0,25 A 29 AÑOS,70
2007,9.0,30 A 34 AÑOS,75
2007,9.0,35 A 39 AÑOS,108
2007,9.0,40 A 44 AÑOS,51
2007,9.0,45 A 49 AÑOS,7
2007,9.0,50 O MAS AÑOS,1
2007,9.0,MENORES 15 AÑO,1
2007,9.0,NO ESPECIFICADO,65
2008,1.0,15 A 19 AÑOS,1099
2008,1.0,20 A 24 AÑOS,10632
2008,1.0,25 A 29 AÑOS,17686
2008,1.0,30 A 34 AÑOS,19962
2008,1.0,35 A 39 AÑOS,10496
2008,1.0,40 A 44 AÑOS,2049
2008,1.0,45 A 49 AÑOS,81
2008,1.0,NO ESPECIFICADO,3
2008,2.0,15 A 19 AÑOS,30681
2008,2.0,20 A 24 AÑOS,40408
2008,2.0,25 A 29 AÑOS,33274
2008,2.0,30 A 34 AÑOS,23534
2008,2.0,35 A 39 AÑOS,14301
2008,2.0,40 A 44 AÑOS,4161
2008,2.0,45 A 49 AÑOS,226
2008,2.0,MENORES 15 AÑO,168
2008,2.0,NO ESPECIFICADO,3
2008,4.0,15 A 19 AÑOS,8076
2008,4.0,20 A 24 AÑOS,6785
2008,4.0,25 A 29 AÑOS,7276
2008,4.0,30 A 34 AÑOS,6811
2008,4.0,35 A 39 AÑOS,5347
2008,4.0,40 A 44 AÑOS,2042
2008,4.0,45 A 49 AÑOS,123
2008,4.0,MENORES 15 AÑO,855
2008,4.0,NO ESPECIFICADO,1
2008,5.0,15 A 19 AÑOS,27
2008,5.0,20 A 24 AÑOS,56
2008,5.0,25 A 29 AÑOS,70
2008,5.0,30 A 34 AÑOS,57
2008,5.0,35 A 39 AÑOS,68
2008,5.0,40 A 44 AÑOS,45
2008,5.0,45 A 49 AÑOS,4
2008,9.0,15 A 19 AÑOS,19
2008,9.0,20 A 24 AÑOS,34
2008,9.0,25 A 29 AÑOS,32
2008,9.0,30 A 34 AÑOS,27
2008,9.0,35 A 39 AÑOS,22
2008,9.0,40 A 44 AÑOS,10
2008,9.0,45 A 49 AÑOS,2
2008,9.0,MENORES 15 AÑO,2
2008,9.0,NO ESPECIFICADO,26
2009,1.0,15 A 19 AÑOS,1298
2009,1.0,20 A 24 AÑOS,11389
2009,1.0,25 A 29 AÑOS,18828
2009,1.0,30 A 34 AÑOS,19982
2009,1.0,35 A 39 AÑOS,11341
2009,1.0,40 A 44 AÑOS,2205
2009,1.0,45 A 49 AÑOS,75
2009,1.0,50 O MAS AÑOS,2
2009,1.0,MENORES 15 AÑO,5
2009,1.0,NO ESPECIFICADO,5
2009,2.0,15 A 19 AÑOS,30565
2009,2.0,20 A 24 AÑOS,42192
2009,2.0,25 A 29 AÑOS,34788
2009,2.0,30 A 34 AÑOS,23459
2009,2.0,35 A 39 AÑOS,14423
2009,2.0,40 A 44 AÑOS,4253
2009,2.0,45 A 49 AÑOS,205
2009,2.0,50 O MAS AÑOS,4
2009,2.0,MENORES 15 AÑO,197
2009,2.0,NO ESPECIFICADO,8
2009,4.0,15 A 19 AÑOS,7684
2009,4.0,20 A 24 AÑOS,6641
2009,4.0,25 A 29 AÑOS,7023
2009,4.0,30 A 34 AÑOS,6365
2009,4.0,35 A 39 AÑOS,5426
2009,4.0,40 A 44 AÑOS,2024
2009,4.0,45 A 49 AÑOS,139
2009,4.0,MENORES 15 AÑO,872
2009,4.0,NO ESPECIFICADO,1
2009,5.0,15 A 19 AÑOS,26
2009,5.0,20 A 24 AÑOS,45
2009,5.0,25 A 29 AÑOS,62
2009,5.0,30 A 34 AÑOS,63
2009,5.0,35 A 39 AÑOS,69
2009,5.0,40 A 44 AÑOS,43
2009,5.0,45 A 49 AÑOS,2
2009,9.0,15 A 19 AÑOS,54
2009,9.0,20 A 24 AÑOS,92
2009,9.0,25 A 29 AÑOS,58
2009,9.0,30 A 34 AÑOS,86
2009,9.0,35 A 39 AÑOS,116
2009,9.0,40 A 44 AÑOS,56
2009,9.0,45 A 49 AÑOS,16
2009,9.0,50 O MAS AÑOS,1
2009,9.0,MENORES 15 AÑO,1
2009,9.0,NO ESPECIFICADO,49
2010,1.0,15 A 19 AÑOS,1380
2010,1.0,20 A 24 AÑOS,12332
2010,1.0,25 A 29 AÑOS,19548
2010,1.0,30 A 34 AÑOS,21229
2010,1.0,35 A 39 AÑOS,12411
2010,1.0,40 A 44 AÑOS,2351
2010,1.0,45 A 49 AÑOS,102
2010,1.0,50 O MAS AÑOS,3
2010,1.0,MENORES 15 AÑO,1
2010,1.0,NO ESPECIFICADO,1
2010,2.0,15 A 19 AÑOS,30184
2010,2.0,20 A 24 AÑOS,41553
2010,2.0,25 A 29 AÑOS,33971
2010,2.0,30 A 34 AÑOS,23604
2010,2.0,35 A 39 AÑOS,14864
2010,2.0,40 A 44 AÑOS,4233
2010,2.0,45 A 49 AÑOS,233
2010,2.0,50 O MAS AÑOS,1
2010,2.0,MENORES 15 AÑO,225
2010,2.0,NO ESPECIFICADO,26
2010,4.0,15 A 19 AÑOS,6421
2010,4.0,20 A 24 AÑOS,5889
2010,4.0,25 A 29 AÑOS,6006
2010,4.0,30 A 34 AÑOS,5899
2010,4.0,35 A 39 AÑOS,4903
2010,4.0,40 A 44 AÑOS,1823
2010,4.0,45 A 49 AÑOS,106
2010,4.0,MENORES 15 AÑO,731
2010,4.0,NO ESPECIFICADO,5
2010,5.0,15 A 19 AÑOS,29
2010,5.0,20 A 24 AÑOS,35
2010,5.0,25 A 29 AÑOS,35
2010,5.0,30 A 34 AÑOS,42
2010,5.0,35 A 39 AÑOS,58
2010,5.0,40 A 44 AÑOS,40
2010,5.0,45 A 49 AÑOS,4
2010,5.0,MENORES 15 AÑO,3
2010,9.0,15 A 19 AÑOS,33
2010,9.0,20 A 24 AÑOS,75
2010,9.0,25 A 29 AÑOS,63
2010,9.0,30 A 34 AÑOS,67
2010,9.0,35 A 39 AÑOS,64
2010,9.0,40 A 44 AÑOS,31
2010,9.0,45 A 49 AÑOS,4
2010,9.0,MENORES 15 AÑO,4
2010,9.0,NO ESPECIFICADO,21
2011,1.0,15 A 19 AÑOS,1299
2011,1.0,20 A 24 AÑOS,13026
2011,1.0,25 A 29 AÑOS,19947
2011,1.0,30 A 34 AÑOS,22091
2011,1.0,35 A 39 AÑOS,13007
2011,1.0,40 A 44 AÑOS,2729
2011,1.0,45 A 49 AÑOS,116
2011,1.0,50 O MAS AÑOS,3
2011,1.0,NO ESPECIFICADO,4
2011,2.0,15 A 19 AÑOS,28242
2011,2.0,20 A 24 AÑOS,40535
2011,2.0,25 A 29 AÑOS,32996
2011,2.0,30 A 34 AÑOS,23039
2011,2.0,35 A 39 AÑOS,14444
2011,2.0,40 A 44 AÑOS,4173
2011,2.0,45 A 49 AÑOS,238
2011,2.0,50 O MAS AÑOS,2
2011,2.0,MENORES 15 AÑO,210
2011,2.0,NO ESPECIFICADO,24
2011,4.0,15 A 19 AÑOS,6491
2011,4.0,20 A 24 AÑOS,5732
2011,4.0,25 A 29 AÑOS,5743
2011,4.0,30 A 34 AÑOS,5491
2011,4.0,35 A 39 AÑOS,4569
2011,4.0,40 A 44 AÑOS,1752
2011,4.0,45 A 49 AÑOS,123
2011,4.0,50 O MAS AÑOS,1
2011,4.0,MENORES 15 AÑO,711
2011,4.0,NO ESPECIFICADO,4
2011,5.0,15 A 19 AÑOS,26
2011,5.0,20 A 24 AÑOS,39
2011,5.0,25 A 29 AÑOS,58
2011,5.0,30 A 34 AÑOS,43
2011,5.0,35 A 39 AÑOS,38
2011,5.0,40 A 44 AÑOS,23
2011,5.0,45 A 49 AÑOS,2
2011,5.0,MENORES 15 AÑO,1
2011,9.0,15 A 19 AÑOS,44
2011,9.0,20 A 24 AÑOS,89
2011,9.0,25 A 29 AÑOS,82
2011,9.0,30 A 34 AÑOS,61
2011,9.0,35 A 39 AÑOS,55
2011,9.0,40 A 44 AÑOS,34
2011,9.0,45 A 49 AÑOS,3
2011,9.0,MENORES 15 AÑO,1
2011,9.0,NO ESPECIFICADO,17
2012,1.0,15 A 19 AÑOS,1232
2012,1.0,20 A 24 AÑOS,13718
2012,1.0,25 A 29 AÑOS,20669
2012,1.0,30 A 34 AÑOS,23853
2012,1.0,35 A 39 AÑOS,13609
2012,1.0,40 A 44 AÑOS,2853
2012,1.0,45 A 49 AÑOS,150
2012,1.0,50 O MAS AÑOS,3
2012,1.0,NO ESPECIFICADO,6
2012,2.0,15 A 19 AÑOS,27128
2012,2.0,20 A 24 AÑOS,39173
2012,2.0,25 A 29 AÑOS,31856
2012,2.0,30 A 34 AÑOS,23478
2012,2.0,35 A 39 AÑOS,13610
2012,2.0,40 A 44 AÑOS,4029
2012,2.0,45 A 49 AÑOS,208
2012,2.0,50 O MAS AÑOS,5
2012,2.0,MENORES 15 AÑO,194
2012,2.0,NO ESPECIFICADO,13
2012,4.0,15 A 19 AÑOS,5899
2012,4.0,20 A 24 AÑOS,5143
2012,4.0,25 A 29 AÑOS,4827
2012,4.0,30 A 34 AÑOS,4943
2012,4.0,35 A 39 AÑOS,4170
2012,4.0,40 A 44 AÑOS,1509
2012,4.0,45 A 49 AÑOS,98
2012,4.0,MENORES 15 AÑO,685
2012,4.0,NO ESPECIFICADO,4
2012,5.0,15 A 19 AÑOS,17
2012,5.0,20 A 24 AÑOS,26
2012,5.0,25 A 29 AÑOS,47
2012,5.0,30 A 34 AÑOS,40
2012,5.0,35 A 39 AÑOS,30
2012,5.0,40 A 44 AÑOS,24
2012,5.0,45 A 49 AÑOS,3
2012,9.0,15 A 19 AÑOS,29
2012,9.0,20 A 24 AÑOS,86
2012,9.0,25 A 29 AÑOS,92
2012,9.0,30 A 34 AÑOS,72
2012,9.0,35 A 39 AÑOS,56
2012,9.0,40 A 44 AÑOS,34
2012,9.0,45 A 49 AÑOS,7
2012,9.0,NO ESPECIFICADO,7
2013,1.0,15 A 19 AÑOS,1290
2013,1.0,20 A 24 AÑOS,14304
2013,1.0,25 A 29 AÑOS,22230
2013,1.0,30 A 34 AÑOS,25647
2013,1.0,35 A 39 AÑOS,14569
2013,1.0,40 A 44 AÑOS,3209
2013,1.0,45 A 49 AÑOS,133
2013,1.0,50 O MAS AÑOS,6
2013,1.0,NO ESPECIFICADO,2
2013,2.0,15 A 19 AÑOS,24505
2013,2.0,20 A 24 AÑOS,37476
2013,2.0,25 A 29 AÑOS,31370
2013,2.0,30 A 34 AÑOS,23049
2013,2.0,35 A 39 AÑOS,13208
2013,2.0,40 A 44 AÑOS,3963
2013,2.0,45 A 49 AÑOS,209
2013,2.0,50 O MAS AÑOS,2
2013,2.0,MENORES 15 AÑO,213
2013,2.0,NO ESPECIFICADO,24
2013,4.0,15 A 19 AÑOS,5655
2013,4.0,20 A 24 AÑOS,4986
2013,4.0,25 A 29 AÑOS,4393
2013,4.0,30 A 34 AÑOS,4819
2013,4.0,35 A 39 AÑOS,3759
2013,4.0,40 A 44 AÑOS,1586
2013,4.0,45 A 49 AÑOS,99
2013,4.0,50 O MAS AÑOS,2
2013,4.0,MENORES 15 AÑO,683
2013,4.0,NO ESPECIFICADO,6
2013,5.0,15 A 19 AÑOS,17
2013,5.0,20 A 24 AÑOS,54
2013,5.0,25 A 29 AÑOS,47
2013,5.0,30 A 34 AÑOS,35
2013,5.0,35 A 39 AÑOS,23
2013,5.0,40 A 44 AÑOS,18
2013,5.0,45 A 49 AÑOS,1
2013,5.0,50 O MAS AÑOS,1
2013,5.0,MENORES 15 AÑO,1
2013,9.0,15 A 19 AÑOS,39
2013,9.0,20 A 24 AÑOS,78
2013,9.0,25 A 29 AÑOS,100
2013,9.0,30 A 34 AÑOS,75
2013,9.0,35 A 39 AÑOS,55
2013,9.0,40 A 44 AÑOS,38
2013,9.0,45 A 49 AÑOS,6
2013,9.0,50 O MAS AÑOS,1
2013,9.0,MENORES 15 AÑO,5
2013,9.0,NO ESPECIFICADO,14
2014,1.0,15 A 19 AÑOS,1176
2014,1.0,20 A 24 AÑOS,15259
2014,1.0,25 A 29 AÑOS,25096
2014,1.0,30 A 34 AÑOS,28197
2014,1.0,35 A 39 AÑOS,15637
2014,1.0,40 A 44 AÑOS,3556
2014,1.0,45 A 49 AÑOS,174
2014,1.0,50 O MAS AÑOS,8
2014,1.0,MENORES 15 AÑO,1
2014,1.0,NO ESPECIFICADO,11
2014,2.0,15 A 19 AÑOS,23100
2014,2.0,20 A 24 AÑOS,37350
2014,2.0,25 A 29 AÑOS,33106
2014,2.0,30 A 34 AÑOS,24628
2014,2.0,35 A 39 AÑOS,13501
2014,2.0,40 A 44 AÑOS,4198
2014,2.0,45 A 49 AÑOS,208
2014,2.0,50 O MAS AÑOS,2
2014,2.0,MENORES 15 AÑO,199
2014,2.0,NO ESPECIFICADO,24
2014,4.0,15 A 19 AÑOS,5120
2014,4.0,20 A 24 AÑOS,4877
2014,4.0,25 A 29 AÑOS,4450
2014,4.0,30 A 34 AÑOS,4542
2014,4.0,35 A 39 AÑOS,3658
2014,4.0,40 A 44 AÑOS,1491
2014,4.0,45 A 49 AÑOS,103
2014,4.0,50 O MAS AÑOS,1
2014,4.0,MENORES 15 AÑO,650
2014,4.0,NO ESPECIFICADO,8
2014,5.0,15 A 19 AÑOS,18
2014,5.0,20 A 24 AÑOS,30
2014,5.0,25 A 29 AÑOS,41
2014,5.0,30 A 34 AÑOS,42
2014,5.0,35 A 39 AÑOS,30
2014,5.0,40 A 44 AÑOS,19
2014,5.0,MENORES 15 AÑO,1
2014,5.0,NO ESPECIFICADO,1
2014,9.0,15 A 19 AÑOS,40
2014,9.0,20 A 24 AÑOS,96
2014,9.0,25 A 29 AÑOS,117
2014,9.0,30 A 34 AÑOS,111
2014,9.0,35 A 39 AÑOS,62
2014,9.0,40 A 44 AÑOS,38
2014,9.0,45 A 49 AÑOS,2
2014,9.0,50 O MAS AÑOS,4
2014,9.0,MENORES 15 AÑO,1
2014,9.0,NO ESPECIFICADO,13
2015,1.0,15 A 19 AÑOS,1100
2015,1.0,20 A 24 AÑOS,14148
2015,1.0,25 A 29 AÑOS,26270
2015,1.0,30 A 34 AÑOS,29055
2015,1.0,35 A 39 AÑOS,16552
2015,1.0,40 A 44 AÑOS,3898
2015,1.0,45 A 49 AÑOS,167
2015,1.0,50 O MAS AÑOS,9
2015,1.0,NO ESPECIFICADO,13
2015,2.0,15 A 19 AÑOS,19726
2015,2.0,20 A 24 AÑOS,35457
2015,2.0,25 A 29 AÑOS,32764
2015,2.0,30 A 34 AÑOS,24030
2015,2.0,35 A 39 AÑOS,13602
2015,2.0,40 A 44 AÑOS,4197
2015,2.0,45 A 49 AÑOS,223
2015,2.0,50 O MAS AÑOS,2
2015,2.0,MENORES 15 AÑO,141
2015,2.0,NO ESPECIFICADO,42
2015,4.0,15 A 19 AÑOS,4568
2015,4.0,20 A 24 AÑOS,4503
2015,4.0,25 A 29 AÑOS,4004
2015,4.0,30 A 34 AÑOS,4151
2015,4.0,35 A 39 AÑOS,3338
2015,4.0,40 A 44 AÑOS,1400
2015,4.0,45 A 49 AÑOS,94
2015,4.0,50 O MAS AÑOS,2
2015,4.0,MENORES 15 AÑO,576
2015,4.0,NO ESPECIFICADO,5
2015,5.0,15 A 19 AÑOS,12
2015,5.0,20 A 24 AÑOS,36
2015,5.0,25 A 29 AÑOS,29
2015,5.0,30 A 34 AÑOS,26
2015,5.0,35 A 39 AÑOS,23
2015,5.0,40 A 44 AÑOS,16
2015,9.0,15 A 19 AÑOS,29
2015,9.0,20 A 24 AÑOS,101
2015,9.0,25 A 29 AÑOS,134
2015,9.0,30 A 34 AÑOS,101
2015,9.0,35 A 39 AÑOS,77
2015,9.0,40 A 44 AÑOS,32
2015,9.0,45 A 49 AÑOS,7
2015,9.0,NO ESPECIFICADO,10
2016,1.0,15 A 19 AÑOS,999
2016,1.0,20 A 24 AÑOS,13571
2016,1.0,25 A 29 AÑOS,26421
2016,1.0,30 A 34 AÑOS,29254
2016,1.0,35 A 39 AÑOS,17075
2016,1.0,40 A 44 AÑOS,4033
2016,1.0,45 A 49 AÑOS,218
2016,1.0,50 O MAS AÑOS,12
2016,1.0,MENORES 15 AÑO,3
2016,1.0,NO ESPECIFICADO,6
2016,2.0,15 A 19 AÑOS,15817
2016,2.0,20 A 24 AÑOS,30990
2016,2.0,25 A 29 AÑOS,31088
2016,2.0,30 A 34 AÑOS,23087
2016,2.0,35 A 39 AÑOS,13241
2016,2.0,40 A 44 AÑOS,4100
2016,2.0,45 A 49 AÑOS,197
2016,2.0,50 O MAS AÑOS,1
2016,2.0,MENORES 15 AÑO,157
2016,2.0,NO ESPECIFICADO,26
2016,3.0,15 A 19 AÑOS,47
2016,3.0,20 A 24 AÑOS,132
2016,3.0,25 A 29 AÑOS,134
2016,3.0,30 A 34 AÑOS,98
2016,3.0,35 A 39 AÑOS,55
2016,3.0,40 A 44 AÑOS,23
2016,3.0,45 A 49 AÑOS,1
2016,3.0,MENORES 15 AÑO,2
2016,4.0,15 A 19 AÑOS,3615
2016,4.0,20 A 24 AÑOS,4051
2016,4.0,25 A 29 AÑOS,3867
2016,4.0,30 A 34 AÑOS,3714
2016,4.0,35 A 39 AÑOS,3072
2016,4.0,40 A 44 AÑOS,1302
2016,4.0,45 A 49 AÑOS,76
2016,4.0,50 O MAS AÑOS,1
2016,4.0,MENORES 15 AÑO,482
2016,4.0,NO ESPECIFICADO,3
2016,5.0,15 A 19 AÑOS,14
2016,5.0,20 A 24 AÑOS,34
2016,5.0,25 A 29 AÑOS,55
2016,5.0,30 A 34 AÑOS,41
2016,5.0,35 A 39 AÑOS,33
2016,5.0,40 A 44 AÑOS,9
2016,5.0,MENORES 15 AÑO,2
2016,5.0,NO ESPECIFICADO,1
2016,9.0,15 A 19 AÑOS,25
2016,9.0,20 A 24 AÑOS,91
2016,9.0,25 A 29 AÑOS,142
2016,9.0,30 A 34 AÑOS,112
2016,9.0,35 A 39 AÑOS,81
2016,9.0,40 A 44 AÑOS,27
2016,9.0,45 A 49 AÑOS,6
2016,9.0,MENORES 15 AÑO,2
2016,9.0,NO ESPECIFICADO,18
2017,1.0,15 A 19 AÑOS,807
2017,1.0,20 A 24 AÑOS,12964
2017,1.0,25 A 29 AÑOS,26259
2017,1.0,30 A 34 AÑOS,28693
2017,1.0,35 A 39 AÑOS,17435
2017,1.0,40 A 44 AÑOS,4097
2017,1.0,45 A 49 AÑOS,235
2017,1.0,50 O MAS AÑOS,14
2017,1.0,NO ESPECIFICADO,50
2017,2.0,15 A 19 AÑOS,13186
2017,2.0,20 A 24 AÑOS,28296
2017,2.0,25 A 29 AÑOS,29532
2017,2.0,30 A 34 AÑOS,21786
2017,2.0,35 A 39 AÑOS,13102
2017,2.0,40 A 44 AÑOS,3797
2017,2.0,45 A 49 AÑOS,223
2017,2.0,50 O MAS AÑOS,4
2017,2.0,MENORES 15 AÑO,95
2017,2.0,NO ESPECIFICADO,120
2017,4.0,15 A 19 AÑOS,2874
2017,4.0,20 A 24 AÑOS,3691
2017,4.0,25 A 29 AÑOS,3509
2017,4.0,30 A 34 AÑOS,3330
2017,4.0,35 A 39 AÑOS,2897
2017,4.0,40 A 44 AÑOS,1153
2017,4.0,45 A 49 AÑOS,75
2017,4.0,50 O MAS AÑOS,1
2017,4.0,MENORES 15 AÑO,375
2017,4.0,NO ESPECIFICADO,30
2017,5.0,15 A 19 AÑOS,6
2017,5.0,20 A 24 AÑOS,20
2017,5.0,25 A 29 AÑOS,33
2017,5.0,30 A 34 AÑOS,37
2017,5.0,35 A 39 AÑOS,31
2017,5.0,40 A 44 AÑOS,11
2017,5.0,45 A 49 AÑOS,2
2017,5.0,MENORES 15 AÑO,1
2017,9.0,15 A 19 AÑOS,22
2017,9.0,20 A 24 AÑOS,85
2017,9.0,25 A 29 AÑOS,116
2017,9.0,30 A 34 AÑOS,82
2017,9.0,35 A 39 AÑOS,57
2017,9.0,40 A 44 AÑOS,37
2017,9.0,45 A 49 AÑOS,2
2017,9.0,MENORES 15 AÑO,1
2017,9.0,NO ESPECIFICADO,13
2018,1.0,15 A 19 AÑOS,722
2018,1.0,20 A 24 AÑOS,13061
2018,1.0,25 A 29 AÑOS,27410
2018,1.0,30 A 34 AÑOS,30143
2018,1.0,35 A 39 AÑOS,18561
2018,1.0,40 A 44 AÑOS,4107
2018,1.0,45 A 49 AÑOS,236
2018,1.0,50 O MAS AÑOS,19
2018,1.0,NO ESPECIFICADO,35
2018,2.0,15 A 19 AÑOS,11178
2018,2.0,20 A 24 AÑOS,27751
2018,2.0,25 A 29 AÑOS,30043
2018,2.0,30 A 34 AÑOS,22743
2018,2.0,35 A 39 AÑOS,13389
2018,2.0,40 A 44 AÑOS,3712
2018,2.0,45 A 49 AÑOS,193
2018,2.0,50 O MAS AÑOS,6
2018,2.0,MENORES 15 AÑO,86
2018,2.0,NO ESPECIFICADO,123
2018,4.0,15 A 19 AÑOS,2324
2018,4.0,20 A 24 AÑOS,3777
2018,4.0,25 A 29 AÑOS,3829
2018,4.0,30 A 34 AÑOS,3409
2018,4.0,35 A 39 AÑOS,2913
2018,4.0,40 A 44 AÑOS,1084
2018,4.0,45 A 49 AÑOS,84
2018,4.0,MENORES 15 AÑO,302
2018,4.0,NO ESPECIFICADO,44
2018,5.0,15 A 19 AÑOS,12
2018,5.0,20 A 24 AÑOS,24
2018,5.0,25 A 29 AÑOS,50
2018,5.0,30 A 34 AÑOS,32
2018,5.0,35 A 39 AÑOS,29
2018,5.0,40 A 44 AÑOS,16
2018,5.0,45 A 49 AÑOS,3
2018,5.0,NO ESPECIFICADO,1
2018,9.0,15 A 19 AÑOS,16
2018,9.0,20 A 24 AÑOS,46
2018,9.0,25 A 29 AÑOS,65
2018,9.0,30 A 34 AÑOS,69
2018,9.0,35 A 39 AÑOS,50
2018,9.0,40 A 44 AÑOS,21
2018,9.0,45 A 49 AÑOS,4
2018,9.0,MENORES 15 AÑO,1
2018,9.0,NO ESPECIFICADO,8
2019,1.0,15 A 19 AÑOS,635
2019,1.0,20 A 24 AÑOS,12014
2019,1.0,25 A 29 AÑOS,26807
2019,1.0,30 A 34 AÑOS,30764
2019,1.0,35 A 39 AÑOS,18636
2019,1.0,40 A 44 AÑOS,4228
2019,1.0,45 A 49 AÑOS,258
2019,1.0,50 O MAS AÑOS,13
2019,1.0,NO ESPECIFICADO,27
2019,2.0,15 A 19 AÑOS,9302
2019,2.0,20 A 24 AÑOS,24988
2019,2.0,25 A 29 AÑOS,28102
2019,2.0,30 A 34 AÑOS,22104
2019,2.0,35 A 39 AÑOS,12888
2019,2.0,40 A 44 AÑOS,3617
2019,2.0,45 A 49 AÑOS,181
2019,2.0,50 O MAS AÑOS,6
2019,2.0,MENORES 15 AÑO,73
2019,2.0,NO ESPECIFICADO,75
2019,4.0,15 A 19 AÑOS,1730
2019,4.0,20 A 24 AÑOS,3110
2019,4.0,25 A 29 AÑOS,3312
2019,4.0,30 A 34 AÑOS,3154
2019,4.0,35 A 39 AÑOS,2521
2019,4.0,40 A 44 AÑOS,957
2019,4.0,45 A 49 AÑOS,78
2019,4.0,50 O MAS AÑOS,1
2019,4.0,MENORES 15 AÑO,210
2019,4.0,NO ESPECIFICADO,18
2019,5.0,15 A 19 AÑOS,11
2019,5.0,20 A 24 AÑOS,35
2019,5.0,25 A 29 AÑOS,34
2019,5.0,30 A 34 AÑOS,21
2019,5.0,35 A 39 AÑOS,16
2019,5.0,40 A 44 AÑOS,14
2019,5.0,45 A 49 AÑOS,1
2019,5.0,NO ESPECIFICADO,1
2019,9.0,15 A 19 AÑOS,14
2019,9.0,20 A 24 AÑOS,47
2019,9.0,25 A 29 AÑOS,46
2019,9.0,30 A 34 AÑOS,62
2019,9.0,35 A 39 AÑOS,39
2019,9.0,40 A 44 AÑOS,21
2019,9.0,45 A 49 AÑOS,2
2019,9.0,MENORES 15 AÑO,2
2019,9.0,NO ESPECIFICADO,13
2020,1-Superior,15 A 19 AÑOS,481
2020,1-Superior,20 A 24 AÑOS,10583
2020,1-Superior,25 A 29 AÑOS,24539
2020,1-Superior,30 A 34 AÑOS,30360
2020,1-Superior,35 A 39 AÑOS,18145
2020,1-Superior,40 A 44 AÑOS,4054
2020,1-Superior,45 A 49 AÑOS,248
2020,1-Superior,50 O MAS AÑOS,13
2020,1-Superior,MENORES 15 AÑOS,33
2020,2-Medio,15 A 19 AÑOS,7822
2020,2-Medio,20 A 24 AÑOS,22515
2020,2-Medio,25 A 29 AÑOS,25941
2020,2-Medio,30 A 34 AÑOS,21038
2020,2-Medio,35 A 39 AÑOS,12219
2020,2-Medio,40 A 44 AÑOS,3485
2020,2-Medio,45 A 49 AÑOS,194
2020,2-Medio,50 O MAS AÑOS,3
2020,2-Medio,MENORES 15 AÑOS,186
2020,4-Básico/Primario,15 A 19 AÑOS,1215
2020,4-Básico/Primario,20 A 24 AÑOS,2561
2020,4-Básico/Primario,25 A 29 AÑOS,2975
2020,4-Básico/Primario,30 A 34 AÑOS,2710
2020,4-Básico/Primario,35 A 39 AÑOS,2154
2020,4-Básico/Primario,40 A 44 AÑOS,886
2020,4-Básico/Primario,45 A 49 AÑOS,77
2020,4-Básico/Primario,50 O MAS AÑOS,2
2020,4-Básico/Primario,MENORES 15 AÑOS,165
2020,5-Ninguno,15 A 19 AÑOS,9
2020,5-Ninguno,20 A 24 AÑOS,33
2020,5-Ninguno,25 A 29 AÑOS,53
2020,5-Ninguno,30 A 34 AÑOS,34
2020,5-Ninguno,35 A 39 AÑOS,25
2020,5-Ninguno,40 A 44 AÑOS,10
2020,5-Ninguno,45 A 49 AÑOS,1
2020,5-Ninguno,MENORES 15 AÑOS,1
2020,9-Ignorado,15 A 19 AÑOS,8
2020,9-Ignorado,20 A 24 AÑOS,50
2020,9-Ignorado,25 A 29 AÑOS,38
2020,9-Ignorado,30 A 34 AÑOS,52
2020,9-Ignorado,35 A 39 AÑOS,36
2020,9-Ignorado,40 A 44 AÑOS,11
2020,9-Ignorado,45 A 49 AÑOS,2
2020,9-Ignorado,MENORES 15 AÑOS,11
2021,1-Superior,15 A 19 AÑOS,341
2021,1-Superior,20 A 24 AÑOS,8463
2021,1-Superior,25 A 29 AÑOS,21547
2021,1-Superior,30 A 34 AÑOS,29625
2021,1-Superior,35 A 39 AÑOS,17552
2021,1-Superior,40 A 44 AÑOS,4017
2021,1-Superior,45 A 49 AÑOS,209
2021,1-Superior,50 O MAS AÑOS,12
2021,1-Superior,MENORES 15 AÑOS,24
2021,2-Medio,15 A 19 AÑOS,5920
2021,2-Medio,20 A 24 AÑOS,19721
2021,2-Medio,25 A 29 AÑOS,23596
2021,2-Medio,30 A 34 AÑOS,19796
2021,2-Medio,35 A 39 AÑOS,11443
2021,2-Medio,40 A 44 AÑOS,3381
2021,2-Medio,45 A 49 AÑOS,175
2021,2-Medio,50 O MAS AÑOS,5
2021,2-Medio,MENORES 15 AÑOS,160
2021,3-Secundario(ext),MENORES 15 AÑOS,4
2021,4-Básico/Primario,15 A 19 AÑOS,815
2021,4-Básico/Primario,20 A 24 AÑOS,2107
2021,4-Básico/Primario,25 A 29 AÑOS,2526
2021,4-Básico/Primario,30 A 34 AÑOS,2507
2021,4-Básico/Primario,35 A 39 AÑOS,1874
2021,4-Básico/Primario,40 A 44 AÑOS,787
2021,4-Básico/Primario,45 A 49 AÑOS,49
2021,4-Básico/Primario,50 O MAS AÑOS,1
2021,4-Básico/Primario,MENORES 15 AÑOS,131
2021,5-Ninguno,15 A 19 AÑOS,16
2021,5-Ninguno,20 A 24 AÑOS,62
2021,5-Ninguno,25 A 29 AÑOS,73
2021,5-Ninguno,30 A 34 AÑOS,73
2021,5-Ninguno,35 A 39 AÑOS,50
2021,5-Ninguno,40 A 44 AÑOS,18
2021,5-Ninguno,45 A 49 AÑOS,1
2021,5-Ninguno,MENORES 15 AÑOS,1
2021,9-Ignorado,15 A 19 AÑOS,5
2021,9-Ignorado,20 A 24 AÑOS,26
2021,9-Ignorado,25 A 29 AÑOS,48
2021,9-Ignorado,30 A 34 AÑOS,50
2021,9-Ignorado,35 A 39 AÑOS,22
2021,9-Ignorado,40 A 44 AÑOS,16
2021,9-Ignorado,45 A 49 AÑOS,5
2021,9-Ignorado,MENORES 15 AÑOS,19
2022,1-Superior,15 A 19 AÑOS,356
2022,1-Superior,20 A 24 AÑOS,9014
2022,1-Superior,25 A 29 AÑOS,23909
2022,1-Superior,30 A 34 AÑOS,32933
2022,1-Superior,35 A 39 AÑOS,20129
2022,1-Superior,40 A 44 AÑOS,4732
2022,1-Superior,45 A 49 AÑOS,294
2022,1-Superior,50 O MAS AÑOS,25
2022,1-Superior,MENORES 15 AÑOS,45
2022,2-Medio,15 A 19 AÑOS,6110
2022,2-Medio,20 A 24 AÑOS,20777
2022,2-Medio,25 A 29 AÑOS,24108
2022,2-Medio,30 A 34 AÑOS,20512
2022,2-Medio,35 A 39 AÑOS,11651
2022,2-Medio,40 A 44 AÑOS,3424
2022,2-Medio,45 A 49 AÑOS,213
2022,2-Medio,50 O MAS AÑOS,6
2022,2-Medio,MENORES 15 AÑOS,229
2022,4-Básico/Primario,15 A 19 AÑOS,671
2022,4-Básico/Primario,20 A 24 AÑOS,1788
2022,4-Básico/Primario,25 A 29 AÑOS,2504
2022,4-Básico/Primario,30 A 34 AÑOS,2429
2022,4-Básico/Primario,35 A 39 AÑOS,1847
2022,4-Básico/Primario,40 A 44 AÑOS,848
2022,4-Básico/Primario,45 A 49 AÑOS,50
2022,4-Básico/Primario,50 O MAS AÑOS,1
2022,4-Básico/Primario,MENORES 15 AÑOS,140
2022,5-Ninguno,15 A 19 AÑOS,11
2022,5-Ninguno,20 A 24 AÑOS,21
2022,5-Ninguno,25 A 29 AÑOS,25
2022,5-Ninguno,30 A 34 AÑOS,36
2022,5-Ninguno,35 A 39 AÑOS,22
2022,5-Ninguno,40 A 44 AÑOS,5
2022,5-Ninguno,45 A 49 AÑOS,1
2022,5-Ninguno,MENORES 15 AÑOS,1
2022,9-Ignorado,15 A 19 AÑOS,14
2022,9-Ignorado,20 A 24 AÑOS,72
2022,9-Ignorado,25 A 29 AÑOS,95
2022,9-Ignorado,30 A 34 AÑOS,100
2022,9-Ignorado,35 A 39 AÑOS,71
2022,9-Ignorado,40 A 44 AÑOS,21
2022,9-Ignorado,45 A 49 AÑOS,2
2022,9-Ignorado,MENORES 15 AÑOS,61
2023,1-Superior,15 A 19 AÑOS,327
2023,1-Superior,20 A 24 AÑOS,7832
2023,1-Superior,25 A 29 AÑOS,21686
2023,1-Superior,30 A 34 AÑOS,29738
2023,1-Superior,35 A 39 AÑOS,19027
2023,1-Superior,40 A 44 AÑOS,4713
2023,1-Superior,45 A 49 AÑOS,362
2023,1-Superior,50 O MAS AÑOS,20
2023,1-Superior,MENORES 15 AÑOS,21
2023,2-Medio,15 A 19 AÑOS,5700
2023,2-Medio,20 A 24 AÑOS,19445
2023,2-Medio,25 A 29 AÑOS,21879
2023,2-Medio,30 A 34 AÑOS,19141
2023,2-Medio,35 A 39 AÑOS,11319
2023,2-Medio,40 A 44 AÑOS,3384
2023,2-Medio,45 A 49 AÑOS,185
2023,2-Medio,50 O MAS AÑOS,8
2023,2-Medio,MENORES 15 AÑOS,138
2023,4-Básico/Primario,15 A 19 AÑOS,516
2023,4-Básico/Primario,20 A 24 AÑOS,1486
2023,4-Básico/Primario,25 A 29 AÑOS,2153
2023,4-Básico/Primario,30 A 34 AÑOS,2129
2023,4-Básico/Primario,35 A 39 AÑOS,1580
2023,4-Básico/Primario,40 A 44 AÑOS,697
2023,4-Básico/Primario,45 A 49 AÑOS,59
2023,4-Básico/Primario,50 O MAS AÑOS,2
2023,4-Básico/Primario,MENORES 15 AÑOS,118
2023,5-Ninguno,15 A 19 AÑOS,8
2023,5-Ninguno,20 A 24 AÑOS,20
2023,5-Ninguno,25 A 29 AÑOS,20
2023,5-Ninguno,30 A 34 AÑOS,16
2023,5-Ninguno,35 A 39 AÑOS,10
2023,5-Ninguno,40 A 44 AÑOS,10
2023,5-Ninguno,45 A 49 AÑOS,1
2023,5-Ninguno,MENORES 15 AÑOS,1
2023,9-Ignorado,15 A 19 AÑOS,12
2023,9-Ignorado,20 A 24 AÑOS,48
2023,9-Ignorado,25 A 29 AÑOS,61
2023,9-Ignorado,30 A 34 AÑOS,56
2023,9-Ignorado,35 A 39 AÑOS,59
2023,9-Ignorado,40 A 44 AÑOS,26
2023,9-Ignorado,45 A 49 AÑOS,3
2023,9-Ignorado,50 O MAS AÑOS,1
2023,9-Ignorado,MENORES 15 AÑOS,40
